title,genres,rating,year,runtime
Inception,Action|Sci-Fi|Thriller,8.8,2010,148
The Matrix,Action|Sci-Fi,8.7,1999,136
Titanic,Drama|Romance,7.8,1997,194
Superbad,Comedy,7.6,2007,113
Avatar,Action|Adventure|Sci-Fi,7.8,2009,162
Great Ghost Dawn,Comedy|Adventure|Thriller,6.1,2002,129
Great Sun Falls,Adventure|Thriller,7.5,1991,98
War War Dawn,Adventure|Thriller,6.3,2009,135
Sky Lost Dawn,Thriller|Drama|Comedy,8.0,2010,144
Dark Night Dawn,Action,6.3,2007,102
Love First Chronicles,Comedy|Drama,7.3,2001,121
Star Love,Comedy,7.0,2023,125
Love Ice,Comedy|Action|Adventure,8.6,2007,131
Fire Dream Journey,Thriller|Romance|Comedy,7.4,1992,144
Love Ghost Dusk,Thriller,8.4,2004,140
Dark Last Journey,Action|Drama|Comedy,7.1,2023,109
Great Hidden Falls,Adventure|Action,6.8,2025,168
Moon Sky Dusk,Romance,7.0,1986,143
Road Moon,Comedy|Action|Romance,6.2,2024,162
Hidden Night Quest,Adventure|Romance,7.5,1985,130
Dream Great Dawn,Drama|Romance,6.3,2003,132
Dream Dark Saga,Romance|Action|Adventure,7.1,1998,116
Sky Moon Dawn,Sci-Fi|Action,7.9,1998,107
Sky Night Rises,Thriller,8.6,2015,149
Time Sky Rises,Sci-Fi,7.2,1988,128
Moon Love Chronicles,Drama|Action|Thriller,7.9,2015,116
Time Sky Dawn,Thriller|Action,7.7,2017,89
Road Lost Legacy,Adventure,6.6,2019,167
Fire City Chronicles,Sci-Fi|Romance|Drama,9.1,2008,123
Dream City Dusk,Sci-Fi|Thriller,6.4,2003,83
Dream City Saga,Romance|Adventure|Drama,7.1,1984,122
Great Hidden Dawn,Action|Sci-Fi,8.5,2021,114
Star Love Dawn,Comedy|Drama|Thriller,8.4,2024,113
War Sun Saga,Comedy|Thriller|Drama,7.0,2005,137
Lost Dark Journey,Comedy,8.0,1993,114
Star Last,Drama|Romance|Action,6.8,2018,111
Great Hidden Falls,Drama|Thriller,6.5,2008,161
Hidden Lost Chronicles,Comedy|Drama,5.8,1985,80
Star Fire Falls,Action|Thriller|Drama,7.7,1986,118
Last Dark Dawn,Action|Thriller,7.8,2016,148
Dark Star Journey,Sci-Fi|Romance,6.4,1997,139
Last Dream Journey,Thriller|Action,7.3,2002,151
Star Last,Adventure,9.7,2023,181
Road Great Dusk,Romance|Drama,8.1,2017,171
Dream Dream,Thriller,6.1,1980,85
Time City Journey,Drama,8.0,1983,80
Great Ice Quest,Comedy|Adventure,6.1,2023,130
Sky Last Falls,Comedy|Adventure,4.1,2014,80
Great City Quest,Comedy|Sci-Fi,7.0,2002,80
City Great Journey,Sci-Fi,8.6,2006,129
Night Time Dusk,Romance,8.4,2005,137
First Love Quest,Romance,7.4,1987,171
War Great Saga,Romance,6.5,2022,143
Star Ghost Dusk,Sci-Fi,7.5,1995,178
Dark Great Rises,Action,6.7,2020,131
Lost Hidden Legacy,Sci-Fi|Adventure,6.5,1982,86
Star Sun,Comedy|Romance,8.1,2011,145
Love Dream Rises,Action|Thriller|Sci-Fi,6.5,1984,160
Hidden Ghost Saga,Sci-Fi|Comedy,8.1,1999,132
Ice Ghost Falls,Adventure|Action|Thriller,6.4,1993,164
Night Dark Saga,Thriller|Drama,9.1,2011,116
Last Ice Dawn,Drama|Comedy|Sci-Fi,5.4,2005,136
Ice Ice Chronicles,Adventure|Comedy|Sci-Fi,6.0,1985,115
Night Last Saga,Sci-Fi|Adventure,6.8,2015,191
Star Sun Chronicles,Romance|Comedy,5.0,2019,145
Love First Falls,Thriller|Drama,4.4,1984,86
Sky War Dawn,Drama,5.0,1992,176
Ice First Dawn,Sci-Fi|Romance,6.7,2011,98
Last Ghost Chronicles,Sci-Fi|Romance|Comedy,6.7,1995,120
First War Saga,Sci-Fi|Action,7.3,1980,134
Hidden First Journey,Romance,6.8,1992,136
Ghost Sky Journey,Romance|Thriller,7.3,1990,135
Dark Sun Quest,Adventure|Action,6.5,1987,86
Great Ghost Dusk,Thriller,7.7,2004,135
Star Lost Falls,Adventure|Sci-Fi,7.6,2019,153
Moon Lost Saga,Sci-Fi|Comedy,6.7,2011,152
War Moon Falls,Sci-Fi|Romance|Thriller,7.5,2003,81
Time Dark Falls,Thriller|Drama,6.8,2007,100
Fire Fire Dusk,Adventure|Romance,5.5,1993,89
Ghost Ice Chronicles,Thriller|Drama,7.9,2024,130
Star Fire Legacy,Action,6.1,1982,80
Last Hidden Dusk,Sci-Fi|Adventure,7.9,2015,86
Dark Sun Journey,Drama|Adventure,7.3,2006,100
Ghost Star Dawn,Adventure,6.9,1999,80
Ghost War Saga,Comedy|Adventure,5.1,1994,119
Lost Sky Rises,Action,8.5,2006,80
Lost Ghost Journey,Drama|Comedy|Action,6.6,2024,135
Fire Dark Dusk,Action|Thriller,7.6,2020,108
Moon Road Chronicles,Sci-Fi|Drama,6.9,2007,101
Night Dark Dusk,Drama|Thriller|Action,6.7,2004,106
Sky Star Quest,Adventure,7.2,2021,118
Star Road Legacy,Action,7.0,2023,138
Fire Ghost Dawn,Sci-Fi|Comedy,6.7,2025,160
Lost Great Journey,Drama,6.9,2012,150
Ice Star Journey,Adventure,7.4,2025,187
Road First Rises,Comedy|Drama|Adventure,7.5,1993,140
City Sun Rises,Action|Comedy|Sci-Fi,7.0,1987,124
Lost Night Legacy,Drama|Romance|Thriller,7.6,1993,106
Star Dream Saga,Drama|Thriller|Comedy,6.6,1980,107
Last Fire Journey,Thriller,9.2,1995,136
Sky Dark Saga,Comedy|Action,8.5,1997,90
Ice Love Legacy,Adventure,7.8,1986,127
First Dark Dusk,Thriller|Comedy|Romance,5.1,1994,119
Last Ice Legacy,Romance,7.6,2003,98
Dark Star Quest,Sci-Fi,6.7,1992,88
Star Dark Chronicles,Thriller|Comedy|Action,6.0,1988,196
Time Dark Dawn,Romance|Comedy,6.6,1994,80
Road Moon Rises,Adventure,6.1,2014,118
Night Time Chronicles,Comedy|Thriller,7.5,2003,157
Ice Lost Saga,Drama,8.6,2012,136
Hidden War Rises,Thriller,7.8,1995,106
Fire Great,Drama|Sci-Fi,9.8,1987,84
Dark Moon Dusk,Sci-Fi|Adventure,5.4,2008,124
City Great Dusk,Romance,6.5,2002,80
Sky City Quest,Adventure|Drama,6.1,2024,125
Star Lost Journey,Comedy|Romance,8.2,2010,121
Dream Night Chronicles,Sci-Fi,6.8,2019,152
Sun Ice Quest,Sci-Fi,7.2,1993,86
Time First Rises,Romance|Adventure,7.6,2009,110
War Last Saga,Drama|Romance,5.5,2018,133
Lost Love Legacy,Sci-Fi,6.4,2006,126
Great Sky Rises,Sci-Fi,8.0,1995,80
City Ghost Journey,Romance|Thriller,6.5,1985,101
Lost Ghost Chronicles,Drama|Adventure,5.3,2012,162
Time Sun Saga,Adventure|Action,6.1,2023,128
Sun Last,Drama|Sci-Fi,6.7,1997,80
Hidden Love Legacy,Sci-Fi|Action|Drama,7.2,1995,146
Star Star Chronicles,Action|Romance|Sci-Fi,6.9,1991,80
Fire Lost Legacy,Drama|Adventure|Comedy,6.4,1999,111
Star Fire Falls,Thriller|Comedy,7.9,2024,137
Last Dark,Comedy|Adventure,6.9,2019,156
Fire Sun Legacy,Drama|Adventure,7.2,2008,80
Road Last Saga,Action|Drama,6.4,2009,141
Road Ghost Legacy,Thriller|Comedy,8.5,2005,146
Love Fire,Adventure|Sci-Fi,6.6,2001,103
Fire Great Quest,Romance,7.1,2012,123
Star Last Falls,Thriller|Drama,8.0,2018,80
Time Last Quest,Adventure|Comedy,7.3,2008,80
Night Ghost,Drama|Comedy,7.3,2001,153
Sun Star Dawn,Romance,5.0,2024,104
Last City Quest,Romance,7.7,1992,110
Fire Fire Falls,Action|Comedy,7.1,1988,127
Night Ice Quest,Drama|Romance,7.5,2003,109
Love Moon Journey,Adventure|Sci-Fi,7.2,1994,106
Star Star Journey,Romance,6.4,2015,132
War Last Journey,Sci-Fi|Romance,7.9,1992,80
Star Star Dawn,Comedy|Thriller,7.2,2006,155
Time War Chronicles,Sci-Fi|Romance,5.7,2023,113
Sun Moon Journey,Adventure,8.3,2016,90
Ice Lost,Romance|Action,5.6,1986,86
Time Night Journey,Comedy|Sci-Fi|Adventure,7.9,1987,121
Hidden Great Quest,Romance|Drama,8.5,2016,111
Moon City Dawn,Comedy|Romance,5.9,2020,80
Sky Sky,Thriller|Comedy|Sci-Fi,6.9,1993,102
Last Hidden Dawn,Action,6.8,1991,96
Dark Ice Journey,Adventure|Action,6.8,2015,158
Fire Sky Chronicles,Comedy|Action|Drama,8.8,2019,124
Ice Great Dawn,Romance,5.9,1996,167
Last Love Saga,Drama|Sci-Fi|Romance,6.7,2019,99
City Dark Dusk,Drama|Adventure,8.5,2008,111
Ice Ice Quest,Action|Romance,6.7,2006,132
Fire City Journey,Comedy|Adventure,6.1,1980,138
Ice Sky Dusk,Drama|Romance,7.3,2013,142
Sun Love Dusk,Drama|Action,7.8,1983,93
Great Road Quest,Thriller|Romance,6.6,2003,94
Sun Dream Legacy,Thriller,7.6,2000,109
Last Dark Dusk,Sci-Fi|Comedy|Action,5.6,2012,164
Ghost Sky Legacy,Romance|Adventure,5.7,1986,90
Fire Great Legacy,Comedy|Adventure,6.6,1980,104
Time Great,Comedy|Thriller|Adventure,7.6,2020,142
Last Dark Falls,Thriller|Sci-Fi|Drama,7.8,1982,140
War War Chronicles,Adventure|Drama,5.8,2023,137
Dream Love Dusk,Adventure|Romance|Sci-Fi,7.7,1994,122
Time Love Saga,Sci-Fi,7.2,2010,88
First Great Dawn,Action,6.1,1995,99
Time Hidden Chronicles,Romance,5.7,1989,154
Night Last Legacy,Action|Romance|Drama,7.2,2008,143
First Sun Dawn,Comedy,8.3,1985,80
Fire City Saga,Sci-Fi,7.0,2008,146
Ghost Ice Falls,Romance|Sci-Fi,6.1,1996,159
City Sky Quest,Thriller|Comedy,5.1,2001,122
First Sun Rises,Comedy|Adventure,8.5,2003,133
Great Time,Drama|Action,8.0,1996,150
Sun Great Journey,Adventure,7.3,2000,99
City City Chronicles,Drama|Thriller,8.5,1990,190
Ghost Lost Dusk,Drama,7.2,1986,157
Great Star Journey,Sci-Fi|Thriller,6.5,2021,136
City Ice Dusk,Romance|Adventure|Sci-Fi,7.6,2018,119
Star First Legacy,Drama|Adventure,6.2,1984,135
First Love Legacy,Adventure|Comedy,6.0,2023,80
Fire War Legacy,Romance,7.8,2000,182
Sky Dark Journey,Thriller|Sci-Fi|Comedy,7.9,1997,154
Ghost Moon Dusk,Sci-Fi|Thriller,5.7,2014,164
Ice Road Saga,Action,5.8,1999,121
Dark Fire Falls,Action|Sci-Fi,6.6,1994,109
War Love,Action|Romance,6.3,1984,100
Fire Lost Rises,Comedy|Romance,7.5,1992,144
Love Lost,Thriller,7.0,1991,105
Sky Lost,Adventure|Comedy|Romance,8.2,2000,114
Moon Last Dusk,Adventure|Sci-Fi,7.3,2016,136
Sky Ice Dusk,Drama|Romance,6.4,1985,100
Star Ghost Journey,Thriller|Action|Adventure,5.1,1986,151
First Moon Journey,Sci-Fi|Adventure,7.2,2005,119
Last Dream Dusk,Romance|Action|Thriller,5.3,2021,80
Night Time Dawn,Action|Romance,6.3,1987,100
Moon City Legacy,Romance|Sci-Fi,6.3,1988,159
Star Star Chronicles,Thriller|Sci-Fi,6.5,2006,92
Dream Ice Legacy,Romance,5.7,1983,147
Ice City Saga,Thriller|Romance|Action,6.3,2000,124
Night Hidden Journey,Comedy|Adventure,8.1,2010,115
Star Fire Falls,Action|Adventure,8.1,2000,195
First Ice Legacy,Sci-Fi|Adventure,8.5,2019,81
Last First Journey,Drama|Action,7.0,2004,98
Last Last,Sci-Fi|Action,7.3,2018,119
Time Sun Saga,Comedy|Drama,8.2,1994,192
Road Hidden Saga,Sci-Fi|Comedy,5.5,2014,119
Sun City Quest,Sci-Fi|Adventure|Action,7.8,2022,128
Star Ice Dawn,Romance,8.3,2020,110
Night Lost Falls,Adventure|Romance,6.1,2016,131
Night Dark Chronicles,Sci-Fi|Adventure,8.4,2021,112
Love Star Rises,Drama|Comedy,9.1,2007,141
Love Last Dusk,Romance|Drama,7.8,1993,143
Ice Fire Falls,Adventure,7.6,1983,113
Dream Last Legacy,Sci-Fi|Adventure,5.9,1999,86
Road Night Journey,Romance|Action,8.1,2013,123
Great First Chronicles,Sci-Fi,6.0,1991,162
First Moon Chronicles,Romance,7.4,2012,95
Moon Dream Journey,Romance|Adventure,7.5,2003,130
Night Ghost Dusk,Romance|Thriller|Action,3.7,1999,84
First Star Dawn,Thriller,7.4,1984,89
Dream Time Journey,Thriller|Drama,9.6,2017,159
Ice Last Quest,Action|Romance|Comedy,4.9,2009,141
Time Ice,Adventure|Comedy,6.9,2003,130
Ice Ghost Dawn,Sci-Fi|Action,5.1,2022,80
Last Night Rises,Drama|Sci-Fi|Comedy,6.1,2019,103
Night City Journey,Comedy|Thriller,5.1,1986,138
Dream Fire Rises,Comedy|Thriller,7.2,2015,80
Fire Lost Quest,Action|Drama,7.8,2017,109
Lost Sky Dawn,Action,7.4,1995,143
Dark Dark Chronicles,Adventure,6.1,1994,80
Sun Sun Legacy,Comedy|Action|Adventure,6.4,2025,80
Last Moon,Thriller|Sci-Fi,7.3,2002,80
First Star Legacy,Romance|Action|Drama,6.1,1991,130
Hidden Love,Action|Thriller,5.7,2008,103
Road Night Saga,Sci-Fi|Adventure,6.8,2023,146
Road City Dusk,Thriller|Adventure,6.1,1994,124
Dream Dream Dawn,Comedy,7.4,2008,176
War Fire Saga,Thriller,8.3,2024,83
Sky Star Dawn,Comedy|Adventure,9.6,2022,130
Ice Dark Quest,Sci-Fi|Romance,7.3,2000,96
Dream Dream Dawn,Comedy|Romance,7.6,1994,138
Road Road Dawn,Drama,6.4,1993,124
Night City,Action|Adventure,6.5,2021,90
Road Sun Falls,Adventure|Romance,8.3,2023,115
Dark Dream Falls,Action,6.7,1995,122
Road War Chronicles,Romance|Thriller|Drama,7.1,1994,102
First Dark Journey,Sci-Fi|Romance,8.2,2021,142
Dream Last,Sci-Fi|Adventure,6.7,1983,89
Great Ice Falls,Action,8.5,2006,183
Love Ice Quest,Adventure|Thriller,7.6,2002,149
Sky Time Journey,Drama,7.5,2008,130
Hidden City Chronicles,Drama|Action|Adventure,6.4,2020,205
Dream Sky Rises,Thriller|Sci-Fi,7.5,1988,111
Night Dream Dawn,Drama|Romance,6.6,2022,138
Lost Ice Journey,Adventure|Drama,7.5,2022,127
Time Hidden Legacy,Sci-Fi|Comedy,6.9,1986,144
First Ghost,Comedy|Thriller,8.0,2021,165
Night City Rises,Adventure|Sci-Fi,7.0,1983,136
Last Star Legacy,Thriller,9.0,1984,151
First First Falls,Romance|Sci-Fi,6.7,1984,103
Fire Sky Dawn,Sci-Fi,6.5,1990,114
Hidden Dark Journey,Action,7.3,2020,169
Lost Last Quest,Drama|Adventure,8.1,2007,138
First Night Quest,Sci-Fi,8.1,1995,127
War Sky Rises,Romance|Sci-Fi|Action,7.2,2020,97
Ice First Journey,Adventure|Action,7.3,2009,149
Night Dream Dawn,Adventure|Romance|Thriller,7.3,1983,97
Sun City Legacy,Adventure|Comedy|Thriller,5.9,1981,88
First Sky Journey,Action|Comedy|Romance,8.0,2025,123
Ghost Star Quest,Comedy,5.7,1982,80
Ice Love Saga,Comedy,5.9,2000,138
Road First Legacy,Action|Romance,7.1,1985,131
War Sky Journey,Action|Romance,6.7,2022,109
Star First Chronicles,Romance|Adventure|Drama,7.8,1997,112
Time Last Falls,Action|Romance|Adventure,7.4,2023,116
Time Love Chronicles,Thriller|Comedy|Romance,7.1,1984,96
City Lost Chronicles,Thriller,5.9,1988,126
Ghost Star Legacy,Thriller,7.0,1999,113
Hidden Ice Dusk,Romance|Action,6.9,2007,123
War Dream Dawn,Drama,7.2,2005,115
First Dark Saga,Romance|Comedy,6.6,1997,109
Last Love Chronicles,Comedy|Drama|Action,7.5,1998,128
Road War Dusk,Comedy,6.7,1982,143
Night Love Journey,Comedy|Drama,7.4,1988,104
Dark Star Dawn,Romance,7.8,2015,132
Lost War Dusk,Comedy|Romance|Thriller,6.5,2010,136
Last Road Journey,Thriller,6.2,1996,81
Last Last Journey,Action,7.5,2002,149
Road Sky Dusk,Sci-Fi,5.7,2013,182
City Time Dusk,Romance,8.1,2020,117
Moon Lost Dawn,Drama,7.0,2020,115
Great Lost Journey,Adventure,6.9,1984,114
First Star Falls,Sci-Fi,7.5,1994,139
Dream Star Dusk,Adventure,7.5,1982,135
Ice Star Falls,Action|Thriller,7.0,1998,80
Night Road Legacy,Thriller|Comedy,7.9,2007,94
Lost Lost Journey,Sci-Fi|Action|Comedy,6.3,1982,135
Great Sun Rises,Adventure|Sci-Fi,7.7,2017,116
First Dark Falls,Sci-Fi|Adventure|Thriller,5.9,1983,85
Sun Lost,Action|Adventure|Comedy,7.5,2003,165
Ghost Dream Saga,Action|Sci-Fi,6.7,2010,96
Ghost Great Quest,Thriller|Adventure|Action,5.7,2024,121
First Star Legacy,Drama|Sci-Fi,7.3,2024,115
Star Sky Rises,Comedy|Romance|Adventure,7.0,1990,88
Night Time Legacy,Drama|Thriller,5.5,2016,126
Time Star Rises,Adventure|Romance,4.9,1980,132
First City Quest,Drama|Thriller|Action,6.8,1988,106
City Ghost Dawn,Romance|Thriller,8.6,1996,110
Dream Lost Legacy,Drama|Action|Romance,7.3,1980,138
Dream Sky Chronicles,Sci-Fi|Comedy|Thriller,6.3,1982,80
Sun Sun Quest,Romance|Adventure|Sci-Fi,8.1,2005,95
Sky War Legacy,Drama|Adventure,7.9,2010,126
Ghost War,Romance,8.3,2005,104
Lost First Rises,Adventure,7.7,2002,104
Lost Dream,Thriller|Romance,7.9,2009,147
Road War,Thriller|Comedy,7.7,1989,101
City Lost Chronicles,Romance|Drama,6.5,1987,179
Star Dream Dawn,Adventure|Drama,5.4,2023,80
War Love Quest,Thriller|Romance|Comedy,6.5,2004,80
Fire Sky Legacy,Drama|Romance|Sci-Fi,8.1,2001,146
Last Lost,Adventure,6.6,1994,90
Ice Hidden Rises,Romance,6.9,2020,91
Sun Road Dawn,Action|Sci-Fi,5.8,1989,150
Hidden War Falls,Thriller|Sci-Fi|Action,6.4,1999,105
Star Road Legacy,Thriller,7.0,2020,147
Road Sky Rises,Comedy|Sci-Fi|Action,7.5,2002,102
Star Sun Dawn,Adventure,6.5,1980,131
Dream Dream Dusk,Romance|Sci-Fi,6.5,1981,105
Hidden Time Quest,Comedy,7.8,1998,92
Hidden Dark Quest,Drama|Thriller,7.3,1993,172
War First Chronicles,Action|Drama,7.4,1987,153
Great Moon Chronicles,Sci-Fi,8.5,2017,98
Ice War Journey,Sci-Fi,6.5,1991,115
Great Ghost Rises,Adventure,7.0,2005,164
Star Ice Rises,Thriller|Romance,7.6,2006,90
Moon Ice Falls,Romance|Action|Comedy,6.1,2008,92
Ice Ghost Dusk,Sci-Fi|Adventure,7.2,1994,134
Ice Ghost Rises,Action|Comedy,7.0,2025,188
Lost Ice Falls,Adventure|Sci-Fi,9.8,1980,122
Star City Falls,Comedy|Action|Sci-Fi,7.1,2022,151
Sun Sun Saga,Sci-Fi|Drama|Romance,8.2,2007,89
City Fire Dawn,Action,7.8,1982,131
Sun Moon Saga,Drama,5.8,1997,109
Road Sun Chronicles,Drama,5.5,2013,176
Night Ice Chronicles,Thriller,7.2,2011,168
First Sun Quest,Thriller|Comedy,8.3,2008,188
Star Lost Falls,Thriller,7.3,2004,99
Great Dark,Thriller,7.1,2005,121
Time Sun Chronicles,Comedy,6.7,2018,131
Star Moon Falls,Adventure|Action,5.7,1987,100
Lost Star Dusk,Drama|Romance,6.0,1998,124
Dark Lost Rises,Action|Thriller,5.4,2021,147
Dream Last Journey,Action|Thriller|Romance,5.9,2001,103
Sun Star Dawn,Thriller|Sci-Fi|Action,6.5,2008,99
Night Dark Dawn,Comedy|Action,7.8,2012,97
Road Road Quest,Comedy,6.6,2017,80
Ghost Last Rises,Sci-Fi,7.3,2024,146
Road Fire Chronicles,Thriller|Sci-Fi|Adventure,7.1,2025,99
Great Time Falls,Action|Adventure|Drama,7.5,2014,96
Star Sun Journey,Sci-Fi,6.0,2022,136
Sky Moon Chronicles,Sci-Fi|Action,8.1,1982,120
Star Dream Legacy,Thriller|Romance,5.6,1998,104
Ghost War,Comedy,6.6,1989,144
Night Dark Falls,Drama,7.0,2006,103
Love Ghost Legacy,Adventure,7.8,1994,80
Last First Dusk,Drama|Thriller,8.4,1990,160
Night Love Journey,Sci-Fi|Comedy,7.8,2005,95
Ghost Love Dawn,Sci-Fi|Thriller,8.4,2003,98
Ice Time Dawn,Sci-Fi|Drama|Romance,6.2,1992,99
Road Ice Chronicles,Sci-Fi|Adventure,8.2,2011,122
Sun Ice Dusk,Action|Comedy,8.0,2016,112
Lost Night Dusk,Comedy,4.6,1983,150
Great Hidden Rises,Sci-Fi|Action,6.8,1992,169
War Road Quest,Action,7.6,1988,100
City Night Falls,Thriller|Romance,6.5,2013,92
Last War Rises,Action,5.9,2016,104
Moon Time Quest,Comedy,9.1,1986,133
Hidden First Chronicles,Comedy|Drama,7.1,1980,117
Ice Last Dusk,Drama|Thriller,7.1,1991,105
First Love Falls,Sci-Fi|Romance,5.7,2000,81
Time First Dawn,Sci-Fi|Comedy,6.4,1990,80
Night Love Dusk,Adventure|Drama,6.1,2023,90
Great Time Saga,Adventure|Romance,8.1,2023,158
Road Night Rises,Adventure|Sci-Fi,7.5,2023,133
War Star Journey,Romance|Action|Drama,6.4,1993,114
Sky Sun,Romance|Adventure,7.6,2013,142
War Lost Quest,Drama,6.7,2013,81
Ice Great Dawn,Adventure|Romance,7.2,2004,122
Dark Night Falls,Romance,7.2,1983,80
Dream Last Dawn,Romance,7.4,2005,130
Star Sky Quest,Romance,7.3,1995,128
Sun Dark Quest,Thriller|Romance,7.4,1989,128
War Ice Chronicles,Sci-Fi|Comedy,8.3,2024,155
Hidden Night Legacy,Comedy|Thriller|Romance,7.6,1981,143
Hidden Hidden Dawn,Thriller|Action,6.7,2014,84
Ice Star Dusk,Comedy,6.9,1998,155
War Lost,Romance,8.2,1985,114
Great Dark Journey,Thriller|Drama|Romance,7.1,1998,80
Moon Last Journey,Adventure|Drama,6.6,1987,117
First Night Journey,Adventure|Drama|Sci-Fi,6.4,1993,139
Last Love Saga,Romance,7.3,1989,90
Ice Time Dusk,Adventure|Drama,6.1,1982,160
Ice Dream Dawn,Comedy|Romance|Action,8.3,2017,92
Sun Lost Legacy,Action|Romance,6.0,2008,106
Ice Last Rises,Adventure|Sci-Fi,8.5,1994,100
Fire First Dawn,Comedy,6.7,2002,80
Moon Love,Drama|Comedy|Thriller,5.9,2002,90
Hidden City,Adventure|Action,7.2,1997,99
Dream Time Falls,Adventure|Action,6.0,2025,116
Ice Great Legacy,Comedy|Action|Romance,7.0,1998,80
Great Hidden Journey,Comedy,6.4,2007,141
Fire Lost Chronicles,Drama,7.9,2005,141
Moon Ghost Falls,Comedy|Adventure,7.1,1989,155
Dark Moon,Thriller,5.8,1983,80
Great Ice Dawn,Sci-Fi,6.4,1981,111
Dark Love Chronicles,Comedy|Adventure,7.7,1982,148
Dark Last Dawn,Comedy,8.3,1986,151
Love Great Dawn,Adventure,7.0,1995,164
Ice Sky Rises,Action,6.0,2010,123
City Moon Saga,Sci-Fi|Thriller|Drama,8.1,1989,118
Fire City,Drama,7.7,1998,80
Love Night Falls,Comedy|Action,8.3,2007,152
Dark Time Chronicles,Action|Comedy,7.3,1996,106
City City Chronicles,Sci-Fi|Romance|Adventure,6.5,2007,121
Dark Great Quest,Action|Romance,7.5,1998,119
Ice Love Dusk,Comedy|Sci-Fi,7.3,2016,80
Fire Love Dusk,Drama|Adventure|Comedy,6.4,2002,96
Time Great Quest,Action|Thriller,7.2,1999,134
Last Star Saga,Comedy|Action,6.8,1992,119
Dark City Dawn,Thriller|Adventure,7.7,1992,134
Moon Sky Chronicles,Drama|Action,7.5,2022,144
Last Fire Saga,Sci-Fi|Drama,5.9,1990,95
Road Dream Dusk,Action|Comedy,5.8,1994,105
Dream Ice Dusk,Sci-Fi|Romance,6.9,1996,116
Sky Love,Comedy|Thriller,7.0,2007,143
Last Last Rises,Thriller|Sci-Fi,7.8,1998,113
Great Road Dawn,Romance,7.5,1983,80
War City Chronicles,Romance,8.5,2001,114
Great Ghost Quest,Comedy|Romance,6.5,2001,142
Lost Ghost Rises,Sci-Fi|Comedy,6.5,2016,161
Sun City,Adventure|Drama,6.0,2018,128
War Night Dusk,Romance|Sci-Fi|Drama,7.7,2013,80
Hidden Ice,Comedy,7.0,2012,108
Dark First Legacy,Comedy|Adventure,5.1,2023,134
Last Dream Falls,Romance|Thriller,7.2,2021,146
Ice Hidden Journey,Sci-Fi,7.3,2019,135
Ghost Ice,Sci-Fi|Romance,6.9,2012,112
Dark Moon Chronicles,Thriller|Romance,7.3,1991,146
Ice Dark Journey,Comedy|Adventure|Thriller,5.8,1981,101
First City Dawn,Sci-Fi|Adventure,8.6,2007,126
Dream Hidden Quest,Thriller,7.4,1989,142
Road Last Chronicles,Comedy|Adventure|Thriller,5.2,2001,137
War Hidden Dawn,Thriller|Action|Drama,7.0,1996,138
Dark Hidden Journey,Romance|Comedy|Thriller,7.4,2005,137
Night Love,Drama,5.9,1982,89
Hidden Dream Dawn,Action|Drama,7.5,1986,121
Last War Chronicles,Action|Sci-Fi,8.7,2023,93
Dream First Dawn,Sci-Fi,6.4,1987,111
Last Fire,Romance|Adventure|Sci-Fi,7.4,1999,85
Moon First Legacy,Action|Romance,7.2,1991,130
Fire City Legacy,Comedy|Drama,8.0,2014,80
City Ice Chronicles,Romance|Thriller|Comedy,6.9,1996,139
Lost City Journey,Drama,5.9,2007,120
Dark Lost Chronicles,Romance|Action,7.9,2020,177
Lost City Saga,Adventure|Romance|Action,6.0,1989,114
First Sun Dawn,Romance|Action,8.8,2001,114
Star Fire Dusk,Comedy|Drama|Sci-Fi,7.6,2017,140
City War Dusk,Sci-Fi|Action,6.4,2012,116
Time Sky Rises,Romance|Sci-Fi|Adventure,8.1,2001,128
Great Last,Adventure|Comedy,7.0,2023,150
Sun Time,Adventure|Action,6.8,2016,112
War Great Chronicles,Sci-Fi|Action|Drama,6.3,1992,156
Sky Night Falls,Action|Thriller,5.1,2006,80
Night City Saga,Action,7.6,1994,168
Hidden Ice Dawn,Thriller|Drama,5.4,2001,80
Night City Journey,Adventure|Thriller|Sci-Fi,6.2,2009,161
Fire First Journey,Adventure,7.4,2022,80
Great Time Dusk,Comedy|Thriller,6.5,2019,179
Night Dream Legacy,Thriller|Drama,7.2,2016,125
Sky Ghost Quest,Thriller|Adventure,5.8,2013,92
Moon Sky Saga,Drama|Comedy|Romance,6.7,2023,176
Love Ice,Action,7.2,2013,87
Star Moon Chronicles,Sci-Fi|Drama,6.0,2014,113
Road Dream Quest,Thriller|Drama,8.7,2021,198
Dark Ghost Falls,Drama|Romance,6.4,1998,132
War Star Rises,Comedy|Drama,8.4,1987,80
Dream Dream Journey,Comedy,6.8,2018,112
War Night Chronicles,Romance|Adventure,5.4,2012,109
Sky Ice Journey,Romance,5.9,2023,126
City Hidden Falls,Sci-Fi,7.2,2007,119
Dream War Quest,Adventure|Romance|Drama,8.0,2016,136
Night Dream Quest,Action|Drama,8.8,2004,80
War Dark Saga,Thriller|Romance,7.1,2015,104
Love Dream Legacy,Romance,5.8,1996,129
Ghost First Journey,Action|Sci-Fi|Adventure,7.3,2003,97
Last Dark Saga,Sci-Fi|Romance|Thriller,6.2,2000,153
First Dream Chronicles,Comedy,7.4,1981,98
Dark Ice Dusk,Comedy|Sci-Fi,6.1,2010,124
Love Moon Dawn,Drama,4.9,2023,117
Road Ice Legacy,Sci-Fi|Comedy,8.3,2012,90
Lost Dream Chronicles,Comedy|Romance,6.8,2009,122
Ghost Great Journey,Sci-Fi|Drama|Adventure,7.0,1991,81
Love Dark Quest,Action|Comedy,8.0,2023,107
Road Dream Dusk,Comedy,8.9,1991,121
Road Great Saga,Action|Comedy|Sci-Fi,7.7,2003,80
Love Ghost Quest,Action|Romance|Drama,7.1,2003,139
Hidden First Dusk,Thriller|Sci-Fi,7.5,1990,128
Night Lost Saga,Romance,6.7,1992,136
Lost Moon Chronicles,Action,7.0,2006,120
Road Dream Rises,Sci-Fi|Adventure|Comedy,7.1,1987,85
War City Dusk,Romance|Comedy,6.2,1989,120
Star First Dusk,Adventure|Action,7.0,1987,139
Lost War Rises,Adventure,7.4,1999,84
Sun Hidden Saga,Comedy|Drama|Action,7.5,1987,87
Love Road Rises,Action|Adventure,7.4,1988,113
Ghost Star,Thriller|Sci-Fi,5.7,1986,109
Lost Moon Saga,Romance|Comedy|Action,8.2,1993,120
Night Star Saga,Adventure|Romance,8.1,2007,111
Hidden City Saga,Romance|Comedy|Action,6.9,1981,125
City Ghost,Adventure,7.5,2022,157
Great Night Rises,Drama|Adventure,6.8,1987,136
Great Road,Thriller|Adventure,7.8,1992,122
Moon Dream Chronicles,Thriller,6.2,2000,87
Time Love Saga,Comedy|Drama|Adventure,8.3,2007,98
Lost War Journey,Comedy,7.7,2014,145
First Hidden Rises,Thriller|Drama,7.7,2002,106
Hidden Great Dusk,Comedy,6.9,2025,91
Moon Love Dawn,Sci-Fi,5.6,1994,183
Lost Moon Quest,Comedy,7.9,1981,166
Dream Great Quest,Comedy|Drama,5.6,1991,116
Fire Sky Rises,Sci-Fi|Romance,7.9,2015,88
Dark Hidden,Romance|Comedy,6.2,1982,142
Road War Chronicles,Thriller|Action,5.4,1984,105
Love Love Dusk,Romance,7.0,1982,147
City Sun,Comedy|Romance,8.2,1998,105
Sun Road Quest,Adventure,6.0,1981,169
City Lost Falls,Action|Adventure|Drama,8.6,2023,104
Sun Love Chronicles,Thriller|Comedy,7.7,2016,191
First Moon Journey,Comedy,7.2,1996,126
Last Hidden Journey,Comedy|Thriller|Drama,6.6,1993,162
Time Sun Journey,Action|Adventure|Sci-Fi,6.6,2007,104
Dream Star Falls,Romance|Adventure|Comedy,7.4,2006,81
Love Ice Legacy,Action|Romance,7.8,1989,80
Ghost Last Quest,Sci-Fi|Romance,6.4,1982,158
Love Ghost Dawn,Action,6.2,2015,122
Moon Ice Journey,Sci-Fi|Drama|Thriller,6.8,2017,83
Hidden Sky,Comedy,8.4,2004,160
Night Sky Chronicles,Drama|Action,5.8,2001,155
Dream Night Quest,Action|Romance,8.1,2018,161
First Great,Drama,7.0,2009,80
Sun Sun,Comedy|Thriller,5.3,2000,157
Love Dark Chronicles,Comedy|Romance,6.5,2009,132
Lost Dream Saga,Comedy,7.6,2007,163
Dark Lost Quest,Thriller,8.8,2010,136
Fire Time Chronicles,Thriller,5.7,2005,125
Last Last Rises,Thriller|Drama,4.2,2022,158
City Hidden Rises,Adventure,5.7,2001,146
Dream Road Dawn,Action|Adventure|Thriller,8.1,2000,152
Great Ghost Chronicles,Adventure,5.2,1980,105
Great First Saga,Thriller|Drama,8.5,2016,115
Night Dark Legacy,Adventure|Romance,8.2,1992,80
Last Star Dawn,Adventure,7.2,2000,103
Love Sky Falls,Thriller|Romance,6.4,2025,144
Dream War,Thriller,7.1,1988,137
Dark Road,Comedy|Action,7.6,1996,91
Time Love Dusk,Thriller|Drama,7.5,2000,158
Star Last Quest,Adventure|Comedy,8.7,2010,209
Lost War Saga,Comedy|Adventure,6.7,2018,93
Ghost War Legacy,Romance|Drama,5.7,2001,114
Dream Last Legacy,Thriller|Adventure|Drama,5.5,1991,101
Ice Ice Dawn,Action|Drama,5.3,1985,117
Love Dream Rises,Comedy|Action,7.2,1995,128
Love Ghost Chronicles,Action|Adventure|Comedy,6.8,2005,99
Road Night Dusk,Sci-Fi|Romance,7.0,1984,112
Last Ghost,Comedy|Adventure,6.5,1988,123
Star Dark Rises,Comedy|Action,5.9,2025,134
Last Last Saga,Comedy|Sci-Fi,7.6,2019,164
Ice Sun,Sci-Fi|Thriller,4.5,1993,120
Ghost Moon Dawn,Comedy|Action,6.2,2023,103
War Night Dusk,Thriller|Drama|Comedy,7.8,2021,141
Moon Great Dawn,Thriller|Sci-Fi,6.1,2009,132
Dream War Chronicles,Action|Comedy,7.4,2005,114
Love First Quest,Action|Drama,6.2,2024,135
City Ghost Chronicles,Thriller|Sci-Fi,6.5,2008,109
Time Lost Chronicles,Drama|Sci-Fi|Adventure,7.6,1998,104
Star Lost Rises,Action,5.7,1987,80
Last Dream Rises,Romance|Thriller,7.7,2002,110
Dream Night Saga,Drama|Action,7.0,2021,80
War Time Chronicles,Adventure|Thriller,8.3,2014,101
Moon Ice,Thriller|Romance,7.2,2010,137
Lost Dream Dawn,Comedy|Romance,5.9,2014,80
Ice Love Dawn,Drama|Thriller|Romance,8.7,2011,114
Road Sky Saga,Sci-Fi|Adventure,6.0,1984,122
Star Sun Legacy,Drama,6.8,1995,113
Fire Last Dusk,Comedy|Adventure|Romance,8.0,1996,106
Night Moon Rises,Romance|Action,5.1,2011,130
Hidden Star Dusk,Comedy,8.4,2017,134
Fire City Dusk,Comedy|Action,5.8,2011,120
City Hidden Quest,Sci-Fi,6.5,1999,107
Night First Quest,Action|Comedy,7.3,1981,146
First Sun Rises,Sci-Fi|Comedy,7.0,1999,81
Night Moon Dusk,Adventure,7.8,1997,141
Sun City Saga,Drama|Adventure|Comedy,5.4,1980,133
Great Dream Saga,Sci-Fi|Action,7.7,2008,126
Love Great Legacy,Adventure,7.8,2008,120
Sun Star Saga,Adventure,8.0,1998,80
Ice Dark Rises,Romance|Action,5.4,2023,162
War Dark Dawn,Drama,5.5,2019,145
Road Road,Drama|Adventure,6.7,1985,91
Night Road Dusk,Action|Thriller,5.6,2023,143
Dark Lost Chronicles,Drama|Action|Comedy,5.2,2018,126
First Love Legacy,Drama,6.6,2025,103
Night Fire Legacy,Drama|Adventure,7.2,1987,156
Dream Love Quest,Adventure,9.8,2003,107
Dream War Falls,Sci-Fi|Drama|Adventure,7.5,1999,161
First Road Chronicles,Action,8.8,1993,136
Love War Legacy,Adventure,7.0,1984,149
War Fire Legacy,Sci-Fi,7.6,2020,137
Dream Sky Journey,Sci-Fi|Drama|Action,6.9,2019,136
Dream Sky Legacy,Comedy|Thriller,9.7,2013,126
City Sun Chronicles,Adventure|Comedy|Sci-Fi,6.3,1995,98
Road Sky Legacy,Comedy|Romance,6.5,2024,122
Ghost Road Journey,Sci-Fi|Drama,7.8,1986,147
Lost Fire,Adventure,7.2,1995,142
Sky Moon Chronicles,Sci-Fi|Thriller,6.6,1986,135
Ice City Quest,Action,8.0,2006,80
War Great,Romance|Action|Comedy,7.0,1993,114
Great City Falls,Action|Adventure,7.0,1993,110
Ice Time,Drama|Romance,7.2,2023,87
Sky Ghost Quest,Action|Adventure|Drama,5.3,2012,147
Great Star Dawn,Adventure|Romance|Thriller,5.4,2012,80
City Time Falls,Action|Comedy,8.1,2023,145
Hidden Hidden,Drama|Romance|Sci-Fi,6.3,1999,160
Time Lost Dawn,Action|Adventure,6.9,2015,114
Fire Ice,Thriller|Romance,8.6,1986,118
Last Sky Chronicles,Sci-Fi|Adventure,6.9,2011,149
Sun Sky Falls,Action|Drama,6.8,1982,97
Time Moon Journey,Drama|Thriller,7.9,2018,140
Sky Time Saga,Romance,6.4,2008,92
Moon Last Saga,Thriller,8.2,2003,83
Dark Love Chronicles,Romance|Adventure,7.9,2001,129
Star Ice Rises,Sci-Fi,8.8,1985,119
Fire Last Journey,Drama|Sci-Fi|Adventure,6.3,2003,80
Great War,Drama,8.4,2019,162
Hidden Road Dusk,Comedy,7.6,2002,108
Night Dark Falls,Action|Adventure,5.7,2017,135
Moon Dark,Action|Romance,4.4,1989,168
Great Hidden Saga,Sci-Fi|Thriller,6.2,1995,127
War Great Dawn,Romance|Thriller,7.3,1990,158
Road Sun Quest,Action|Drama,7.4,2011,94
First Time Falls,Action|Romance|Thriller,6.9,2024,163
City Road Quest,Drama,6.9,1985,95
Lost Last Saga,Thriller|Romance,6.9,2003,103
Sky Dark Dusk,Drama,8.0,2012,80
Lost Star Rises,Action,5.6,1991,128
Hidden Great Quest,Sci-Fi,7.3,2006,139
City Ice Chronicles,Action|Drama,6.2,2017,143
Last Love Legacy,Drama,6.1,1997,80
Lost First Dawn,Romance,8.2,2024,131
Moon Dark Rises,Comedy,6.0,2018,132
Love Dark Rises,Sci-Fi|Thriller,6.9,1992,138
First Night Falls,Action|Adventure,9.0,2019,97
Love Night Rises,Drama|Action|Sci-Fi,7.8,2009,80
Ice Dark Chronicles,Comedy|Adventure|Romance,6.5,2020,141
Ghost Lost Rises,Romance|Sci-Fi,6.6,1992,116
Love Sky Legacy,Adventure|Drama,5.8,2013,128
City Dream Dusk,Romance|Action,8.3,2015,117
Fire Time Dusk,Sci-Fi|Adventure,8.0,2009,127
Fire Love Saga,Action|Sci-Fi|Adventure,7.7,2004,142
Fire Love Dawn,Thriller|Comedy|Adventure,7.8,1981,80
Ghost Dark Falls,Thriller|Action,6.2,2015,154
Sun Lost Rises,Romance,5.5,1997,115
Last Ghost Dawn,Action|Drama|Thriller,7.6,1984,169
Love Star Dusk,Adventure,7.9,1998,106
Ghost First Rises,Adventure|Comedy,8.6,2021,100
Moon Lost Falls,Romance|Action,6.8,1997,116
Star Fire Rises,Adventure|Sci-Fi|Thriller,6.7,2011,135
Ghost Night Quest,Thriller|Romance|Adventure,6.8,2000,112
Star Moon Chronicles,Drama|Thriller,7.7,1989,137
Hidden Night Dusk,Drama|Action|Thriller,6.7,2016,108
Hidden Star Journey,Thriller|Action,6.9,2001,121
Ghost Sky Chronicles,Sci-Fi|Drama|Thriller,7.8,1992,187
First Dark Rises,Drama,6.4,1996,131
War Dream Rises,Action|Drama,8.4,1988,133
Last Ghost,Romance|Adventure,7.6,2003,80
Love Dream Saga,Thriller|Romance,5.1,2023,161
Time First Chronicles,Thriller|Drama,6.5,1993,152
City Dark Dawn,Thriller,5.0,2025,99
Time Road Rises,Sci-Fi|Adventure|Thriller,6.8,1987,151
Dark Fire Falls,Adventure,6.5,2016,130
Ghost Road Dusk,Adventure|Thriller,7.8,1998,121
Dream Dark Chronicles,Adventure,6.1,2007,159
Night Dark Chronicles,Romance,7.4,2025,105
Road Ghost Chronicles,Adventure|Sci-Fi,7.6,2020,98
Time Night Dusk,Drama,7.3,2009,126
Star Sky Saga,Comedy,8.1,1986,136
Road Fire Rises,Thriller|Comedy|Adventure,9.1,2005,149
Road Ghost Journey,Comedy|Sci-Fi|Thriller,7.1,2019,115
Dark Hidden Rises,Thriller|Romance|Sci-Fi,7.4,2025,95
City Night Dawn,Sci-Fi|Romance,6.1,2025,196
Night Sky Dusk,Romance|Thriller,6.0,1990,87
Dream Sky Quest,Romance,8.0,1993,122
Moon First Chronicles,Adventure,7.9,2000,143
Sun Sun Legacy,Adventure|Thriller|Drama,6.0,1987,155
Sun Night,Action|Romance|Drama,5.7,1982,103
Night War Chronicles,Drama,6.4,2007,80
Dream Hidden Falls,Sci-Fi|Adventure,6.9,2008,102
Sun Hidden Journey,Comedy,6.6,2002,146
Hidden Road Journey,Thriller|Romance,7.2,1997,139
Great Fire Saga,Adventure|Drama|Comedy,7.9,2014,140
Sky Sky Falls,Thriller|Action,7.5,1992,141
Lost Ice Legacy,Action,7.5,1991,160
Great Ghost Quest,Thriller,4.5,1984,97
Sky First Falls,Comedy,5.4,2018,84
Moon Last Quest,Thriller|Comedy,6.2,1990,131
Dark Great Rises,Thriller|Adventure|Comedy,6.4,1990,89
Road Great Legacy,Comedy|Action,7.8,2021,82
Last Night Legacy,Adventure,6.1,2010,157
First Dream Legacy,Sci-Fi|Action,7.7,2010,128
Time Great Legacy,Adventure,6.2,1992,121
Star City Legacy,Action|Thriller,5.8,1993,121
Moon City Legacy,Adventure|Drama,5.8,2024,117
Moon Last Quest,Drama,9.3,2021,157
Ice Dark Saga,Adventure|Action|Sci-Fi,6.2,2004,80
War Ghost Falls,Adventure|Romance|Comedy,7.7,2012,80
Sky Night Quest,Thriller|Action,5.4,2012,92
Fire Moon Dawn,Action,8.4,1994,129
Dark Hidden Quest,Sci-Fi|Romance|Comedy,7.3,1995,174
First Time Legacy,Romance|Action,7.3,2023,146
Time City Saga,Comedy|Drama,7.4,2017,138
Hidden Ice Dawn,Adventure|Romance,7.5,1985,118
Hidden Hidden Saga,Thriller|Drama,7.8,2023,80
Night Fire Saga,Romance|Drama|Sci-Fi,6.4,2004,135
Time Moon,Drama,6.3,1994,181
Lost War Falls,Adventure|Thriller,7.0,1983,113
Night Lost Rises,Comedy|Romance,7.7,1983,103
Lost Ice Saga,Action,6.9,2009,113
City Sun Legacy,Comedy|Thriller,7.8,2013,138
Love Star Falls,Drama,7.6,2006,123
Last Lost Dawn,Drama|Action|Romance,6.8,2010,147
War Star Journey,Romance,5.3,2011,119
Dark Ice Legacy,Sci-Fi|Action|Comedy,6.5,2023,113
Ghost Lost,Sci-Fi|Comedy,8.7,2018,127
Road Sky Quest,Thriller|Adventure|Drama,7.3,1988,104
Dream Sun Falls,Action|Sci-Fi|Romance,6.4,2020,172
Sun Sun,Romance,7.3,1987,145
Last Last Rises,Comedy,7.7,1993,87
Lost Time Rises,Action|Drama,6.4,2012,98
Dream Fire Saga,Adventure|Comedy,8.2,2002,137
Lost Lost Dusk,Sci-Fi|Thriller,7.5,2000,125
Hidden Night Chronicles,Sci-Fi|Thriller|Action,5.9,1991,129
Dark Ice Quest,Action|Adventure|Romance,7.9,1981,114
Sky Road Dusk,Sci-Fi,6.6,1992,134
Hidden Moon,Romance,6.8,1983,115
Sky Love Dawn,Sci-Fi,6.0,1999,137
Night City Legacy,Drama,7.6,1993,143
Fire Night,Adventure|Thriller,6.9,2009,168
Dream Ice Dawn,Thriller|Adventure,7.7,2008,105
Moon Hidden Dusk,Adventure|Drama,6.4,1987,120
Lost Road,Sci-Fi|Comedy,6.3,1991,83
Moon Ghost Quest,Thriller|Action|Adventure,6.3,2020,175
Love Sun Saga,Romance,7.4,2017,80
Dark Great Saga,Adventure|Thriller,6.3,2005,170
Love Hidden Chronicles,Adventure|Thriller,6.8,1981,123
City Lost Dawn,Adventure,6.5,2019,133
Road Great Falls,Comedy|Adventure|Romance,7.4,1993,115
Love War Rises,Romance|Drama,5.3,1985,121
War City Chronicles,Adventure|Comedy,7.2,2021,138
Night Dream Quest,Sci-Fi|Thriller|Drama,8.7,2019,80
Moon Dream Journey,Adventure|Drama,8.2,2010,100
Love City Rises,Action|Drama,6.4,1996,95
War Last Saga,Thriller,7.5,2004,133
Dark Sun Falls,Romance|Sci-Fi,7.3,2011,120
Great Love Dusk,Romance|Thriller,8.5,1991,139
Last Dream Dawn,Drama|Action,4.5,1992,125
Time Fire Dawn,Comedy,8.1,1998,152
Star Love Legacy,Romance|Adventure|Thriller,6.7,2023,98
Dark Star Quest,Thriller|Comedy,6.3,2004,122
Lost Dark,Thriller|Drama,6.2,2010,153
Night War Dusk,Drama|Thriller,5.7,2016,147
Time Road Falls,Drama|Adventure|Action,6.4,2004,80
Night Hidden Dusk,Romance,5.9,1995,89
Ghost Sky Rises,Adventure|Comedy|Romance,7.2,2017,118
Time Love Saga,Adventure|Romance|Sci-Fi,7.6,2022,113
Road Road Dusk,Sci-Fi|Action,6.7,2002,118
Night Ghost Journey,Sci-Fi|Adventure|Romance,8.5,1993,144
First Sun Legacy,Action|Drama,6.5,1985,129
Sky Dream Quest,Action,6.7,2004,130
Ghost Time Dawn,Romance|Action,6.5,2002,140
Dark Last Rises,Action|Drama,7.6,2022,152
Lost Great Legacy,Adventure,7.7,1991,80
Time First Quest,Sci-Fi|Action,7.5,1992,108
City Ghost Saga,Comedy|Action,6.9,2015,94
Great Sky Journey,Sci-Fi|Comedy,5.7,2018,134
Last Fire,Comedy,6.7,2013,106
Ghost Sky Dawn,Romance,8.5,1985,122
Night Moon Journey,Comedy|Sci-Fi,8.0,2017,146
Sun Ice Journey,Romance|Thriller|Sci-Fi,7.3,2019,102
City Love,Adventure,6.6,1987,131
First Sky Journey,Drama|Comedy,7.0,1987,167
Fire City Quest,Action,6.6,2019,145
Ice Star Chronicles,Action,8.2,2012,80
Ghost Ice Dusk,Drama|Adventure,6.2,2013,111
City Star Saga,Thriller|Romance,7.9,2023,131
First Sky Quest,Romance|Action,6.5,1994,137
Fire Dream Rises,Romance,8.3,2015,112
Dream Road Falls,Action|Sci-Fi,7.4,2014,101
Hidden Fire Legacy,Sci-Fi|Action|Romance,6.3,2025,122
Ghost Time Chronicles,Action|Drama|Thriller,6.7,2001,87
Dark City Saga,Adventure|Comedy,7.7,2002,153
City First Saga,Sci-Fi,6.5,2019,176
City Sun Legacy,Comedy,7.0,2024,132
Sun Time Journey,Adventure|Romance|Sci-Fi,6.5,2001,113
Road Sun Legacy,Comedy|Drama|Adventure,8.8,1984,148
Last Ghost Saga,Sci-Fi|Drama,8.9,2010,143
Time Last Quest,Drama|Thriller,8.5,1992,112
First Sky Falls,Adventure|Sci-Fi|Thriller,6.9,2007,119
Great Moon Journey,Drama,6.6,1999,102
Star Sky Rises,Thriller,6.2,2012,125
Hidden Road Dusk,Adventure,8.5,1995,129
Ghost Sky Legacy,Thriller,7.9,2008,97
Love Time Rises,Drama|Romance,8.0,2002,88
Great Dark Falls,Action|Comedy,6.8,2003,80
Road Time Rises,Romance|Drama,5.2,2013,132
Time City Rises,Sci-Fi|Thriller,5.5,1986,120
Love Hidden Quest,Action|Thriller,7.1,2017,117
War Ghost Chronicles,Adventure|Sci-Fi,6.5,2016,134
War Sky Chronicles,Romance|Sci-Fi,6.4,1983,93
Star Great Rises,Romance|Drama|Sci-Fi,7.3,2013,88
Dream Moon Dawn,Adventure,8.0,2021,127
War Ghost Dawn,Action|Sci-Fi|Comedy,6.3,2001,80
Dream Fire Falls,Comedy|Sci-Fi|Action,5.7,1984,112
Time Love Dawn,Action|Sci-Fi,6.3,2021,194
Road Last,Drama|Thriller,6.0,2002,80
Moon Last Journey,Thriller|Romance,7.6,1994,107
Last Ice Journey,Adventure|Action,7.0,2010,80
Sun Love Dusk,Romance|Thriller,8.9,1988,113
Hidden Star Chronicles,Sci-Fi,7.7,2022,179
Sky Time Dusk,Drama|Adventure,8.8,2004,134
Great Star Saga,Sci-Fi|Adventure,5.6,2004,102
Night War Dusk,Sci-Fi|Drama,3.7,2000,185
Great Ice Saga,Romance|Sci-Fi,7.2,1988,80
Night First Rises,Action,7.1,2017,134
Night Star,Comedy|Drama|Adventure,6.9,2001,122
Last Night Rises,Thriller|Sci-Fi|Drama,7.1,2022,113
Fire Night,Sci-Fi,5.9,2002,144
Night Fire Journey,Comedy,7.6,1983,85
Great Love Dawn,Action|Adventure,7.7,2008,129
Dream Lost Rises,Thriller,5.8,1994,126
Time Dark Journey,Romance|Adventure,6.6,1980,94
Ice Great Legacy,Sci-Fi,6.7,2009,178
Ghost Sky Quest,Action|Sci-Fi|Adventure,6.3,2008,115
Dream Lost Legacy,Drama|Romance,5.8,1999,116
Dream Ghost Dusk,Adventure,7.0,2012,89
Lost Ice Chronicles,Sci-Fi,7.3,2020,115
Dark Lost Saga,Thriller,6.4,2023,190
Time Ghost Journey,Romance|Comedy|Adventure,5.9,2015,112
First Great Quest,Adventure,7.4,2001,136
Moon War Journey,Thriller|Adventure|Romance,6.2,1992,149
Last Sun Dawn,Adventure|Action,6.7,1986,115
Love Time Dawn,Romance|Action,6.6,1987,108
Hidden Sky Legacy,Adventure,8.2,2007,134
Lost Hidden Dawn,Sci-Fi,6.3,2024,113
Moon Time Quest,Drama,8.7,2022,110
First Love Chronicles,Comedy|Sci-Fi|Romance,7.8,1988,148
Great Fire Journey,Drama|Comedy,8.8,2004,118
City Dark Chronicles,Romance,7.7,1995,156
War Lost Rises,Adventure|Action|Drama,6.8,1989,117
Star Star Falls,Romance,6.1,1990,80
Lost Last Legacy,Sci-Fi,6.6,2010,80
Sky First Rises,Thriller|Drama,8.5,1991,80
Sun Hidden Falls,Adventure|Comedy|Drama,7.0,2010,80
Fire Star Falls,Action|Romance,7.7,1993,128
City Night Quest,Comedy|Action|Thriller,7.2,2023,91
First Last Dusk,Comedy,7.2,2011,80
Dark Star Quest,Thriller|Sci-Fi,7.3,1996,116
Ghost Night,Drama,7.5,2014,88
Last Dark Dusk,Thriller|Drama,6.2,1980,134
Ghost First Chronicles,Action,6.7,2008,133
First Sun Dusk,Drama,7.3,1983,136
War Night Dusk,Adventure,7.2,2002,80
Night Dark,Sci-Fi|Action|Thriller,6.5,2007,121
Fire Star Legacy,Action|Thriller,7.4,1995,116
Dark Ghost Chronicles,Adventure|Drama,6.2,1991,83
Hidden Sun Chronicles,Drama|Sci-Fi,5.8,2000,80
War Fire Rises,Sci-Fi|Thriller,7.3,2024,117
Ice Last Journey,Sci-Fi|Comedy,5.8,1996,152
Star Ghost Chronicles,Action|Romance,7.3,2019,80
Night Dark Dawn,Romance|Comedy|Drama,5.0,1992,95
Dream Great Rises,Adventure,6.3,2011,124
Hidden Ghost Saga,Adventure|Action,6.7,2016,154
Lost Dark Quest,Thriller|Action,5.4,1994,111
Dream First Legacy,Adventure|Action,6.6,1991,178
Dark Road Quest,Comedy|Romance|Thriller,8.2,1994,80
Road Sky Saga,Comedy,5.7,2013,80
Great Hidden Journey,Drama|Sci-Fi,6.7,1985,151
City Dream Chronicles,Drama|Adventure,8.7,1996,80
Sun Star Rises,Thriller|Comedy|Romance,5.9,1999,134
Night Road Rises,Romance,8.4,1988,111
Road Sky Legacy,Romance|Comedy,6.7,1984,93
Lost Dark Journey,Thriller|Romance,7.1,2002,107
Road Ghost Saga,Sci-Fi,8.3,2012,81
Lost Road,Action|Thriller|Drama,6.5,2017,110
First Fire Dusk,Sci-Fi|Drama|Action,7.6,1993,121
Sun Road Journey,Adventure|Romance,7.9,1996,108
Dark Time Journey,Action,6.3,1998,102
Hidden Ghost Falls,Romance,6.2,2012,128
Road Hidden Falls,Romance|Sci-Fi,6.8,1980,170
Sun Dream Quest,Sci-Fi|Thriller,6.8,1992,112
Road First Legacy,Comedy|Thriller,5.9,2025,145
Sky Lost Saga,Romance|Comedy|Sci-Fi,6.4,2006,91
Hidden Star Dawn,Sci-Fi,3.5,1985,80
Ghost Road Legacy,Comedy|Thriller,6.7,1985,134
Dark Hidden Dusk,Thriller,7.9,2012,113
Sky Sky Dawn,Sci-Fi|Thriller|Comedy,5.3,2009,154
Night Hidden Rises,Drama,6.5,2025,160
Hidden Fire Saga,Thriller|Drama,9.4,2014,145
Fire Love Journey,Comedy|Sci-Fi,7.0,2002,145
War Road Chronicles,Comedy|Sci-Fi,8.4,1989,80
Last Fire Quest,Sci-Fi|Thriller,6.0,1998,133
Last Dark Saga,Thriller,7.4,2007,146
Hidden Hidden Quest,Action|Comedy,5.8,2002,82
Dark Ice Chronicles,Action,7.4,1983,120
Star Lost Falls,Thriller,7.8,1999,89
Dream Lost Rises,Drama|Sci-Fi,7.6,1998,151
Love Road Dusk,Thriller|Romance|Adventure,6.7,2021,91
Sun Ghost Rises,Adventure|Thriller,7.3,2006,96
Lost Sun Rises,Comedy|Sci-Fi,7.3,2013,106
Ghost Sun Quest,Thriller,7.7,1983,187
Great Sky Rises,Sci-Fi|Action,6.9,2017,150
Love City Journey,Drama|Action,7.9,1986,168
Love Night Dawn,Romance,8.4,1986,80
Night Hidden Saga,Romance,6.7,2005,82
Lost First Rises,Action|Adventure|Romance,7.0,2005,160
Moon Ice Rises,Action|Thriller,6.1,1998,80
Lost Sun,Drama|Comedy,7.3,1988,100
Star City Saga,Action|Adventure|Drama,7.3,1999,182
Dark Lost Journey,Comedy|Sci-Fi,7.1,2021,91
Fire City Quest,Thriller,7.1,2024,80
Ice City Rises,Comedy,8.9,1995,121
Ice Road Saga,Sci-Fi|Drama|Romance,4.1,1996,80
Lost War Quest,Adventure,6.5,2001,157
Star Great Legacy,Adventure|Drama,6.7,1992,93
Ice Time Rises,Comedy|Thriller,8.5,1991,87
Hidden Hidden Dawn,Sci-Fi,7.5,1989,121
Last Ice Dusk,Romance|Comedy,7.5,1980,108
Ice Sun Falls,Adventure,8.3,2011,128
Hidden Great Journey,Action,6.8,2009,136
War City Saga,Drama,7.7,1987,113
Lost Love Journey,Action|Adventure,6.5,2000,85
Love Lost Dawn,Action|Thriller,5.9,2001,142
City Love Saga,Sci-Fi|Action,8.8,1997,99
City Great,Thriller,7.4,1981,94
Last Lost Dusk,Thriller|Sci-Fi|Action,7.6,2023,124
Road City Falls,Action,5.9,1988,80
Ice Dream Quest,Sci-Fi|Action,7.5,1982,132
Moon Moon Chronicles,Sci-Fi|Romance|Comedy,8.8,2005,126
Sky Star Quest,Thriller|Adventure,6.7,2000,154
Moon Last Journey,Adventure|Romance,5.7,2009,105
Dream Lost Quest,Thriller|Action,7.2,2007,160
Ice Star,Adventure|Sci-Fi|Thriller,6.0,2015,136
Sun Dream Dusk,Drama,5.4,2005,119
Great Night Dusk,Adventure,6.3,2013,175
Time Night Journey,Drama|Sci-Fi|Adventure,6.5,1987,123
War City,Romance|Drama|Adventure,6.0,1989,104
Road Moon Journey,Thriller|Comedy,8.3,2022,124
Hidden Great Journey,Adventure|Romance,8.9,1993,104
Ghost First Legacy,Romance|Comedy,7.6,2019,131
Night First Journey,Drama|Thriller,7.4,1994,160
Fire Lost Chronicles,Sci-Fi|Thriller|Comedy,6.9,1996,120
Ice Hidden Journey,Romance|Action,6.1,1997,123
War Star Falls,Adventure|Drama,8.6,2011,144
City Dream,Sci-Fi|Comedy,6.9,2017,156
Last Ice Dusk,Sci-Fi|Adventure,6.5,2002,106
First War Chronicles,Romance|Action|Drama,8.0,2025,125
Sky Dark Falls,Adventure|Sci-Fi|Comedy,6.9,2002,144
Hidden First,Adventure|Romance,8.0,2014,130
Love Night Journey,Action|Comedy,6.6,2018,80
Dark Love Dusk,Comedy|Romance,8.0,1994,149
Lost War,Comedy|Adventure,8.0,2003,136
Sky Star Dawn,Adventure|Sci-Fi,8.3,2007,138
Great Night Dawn,Romance|Sci-Fi|Comedy,6.3,1995,84
Last Great Quest,Sci-Fi,6.9,1995,125
Last Star Saga,Thriller|Romance,8.9,2019,145
Dream Ghost Journey,Drama,6.8,2018,94
Time Moon Journey,Action,7.8,1985,101
War Dream Saga,Romance,9.3,1981,146
Ice First Legacy,Comedy,5.2,1992,100
Lost Night Quest,Romance|Adventure|Comedy,6.7,2023,114
Love First Saga,Drama,7.0,1988,89
Sky Ice Chronicles,Sci-Fi,5.2,2013,175
Last Dark Quest,Action,6.5,1996,136
Road War,Action,6.0,2006,112
Sun Moon Rises,Romance,7.9,2008,107
Dream Time Legacy,Action|Sci-Fi|Adventure,5.3,2016,83
